Area,Title,Description,KPI or Dashboard,Type,Time Series?,Indicator,Primary Source System,Mart / View,Update Frequency,Audience,FERPA Sensitive?,Calculation Logic,Known Caveats,owner,declared_consumers,freshness_sla,lifecycle_status
Admissions,Inquiry-to-Application Rate,% of inquiries that submit a complete application. Benchmark: 15–30%.,KPI,Strategic,No,N/A,Slate,mart_admissions_funnel,Term,"Admissions Director, VP Enrollment",No,"Numerator: distinct applicants with funnel_stage_canonical in (applied, complete, admitted, deposited, enrolled, denied, withdrawn_app); denominator: all applicants including inquiry stage. Rounded to 4 decimal places; COALESCE to 0 on zero denominator. Column: inquiry_to_app_rate.",COALESCE to 0 masks a zero-inquiry denominator; numerator counts denied and withdrawn_app applicants as having 'applied.',,,,draft
Admissions,Application-to-Admit Rate,"Overall selectivity. Tracks admit rate by program, demographic, and geographic cohort.",KPI,Strategic,No,N/A,Slate,mart_admissions_funnel,Term,"Admissions Director, VP Enrollment",No,"Numerator: distinct applicants in (admitted, deposited, enrolled); denominator: distinct applicants in (complete, admitted, deposited, enrolled, denied). Rounded to 4 decimals; COALESCE to 0. Column: admit_rate.",COALESCE to 0; denominator excludes inquiry and applied stages — only complete-or-further applications count toward the base.,,,,draft
Admissions,Admit-to-Yield Rate,% of admitted students who enroll. Key driver of net tuition revenue planning.,KPI,Strategic,No,N/A,Slate,mart_admissions_funnel,Term,"VP Enrollment, CFO",No,"Numerator: distinct applicants in (deposited, enrolled); denominator: distinct applicants in (admitted, deposited, enrolled). Rounded to 4 decimals; COALESCE to 0. Column: yield_rate.",COALESCE to 0; yield numerator includes deposited students who have not yet formally enrolled.,,,,draft
Admissions,Deposit Conversions,Deposits received vs. goal by term. Daily tracking critical in spring recruiting season.,KPI,Operational,No,N/A,Slate,mart_admissions_funnel,Daily (spring),Admissions Director,No,"Count of distinct applicants with funnel_stage_canonical in (deposited, enrolled) per program × entry term. Column: deposit_count.",Enrolled students are included in deposit_count in addition to pure depositors; no goal/budget denominator in mart — vs-goal comparison requires external input.,,,,draft
Admissions,Stealth Applicant %,% who applied with no prior inquiry. Indicates digital/brand reach vs. direct recruitment.,KPI,Strategic,No,N/A,Slate,mart_admissions_funnel,Term,VP Enrollment,No,"Numerator: distinct applicants with stealth_flag=true; denominator: distinct applicants in (applied, complete, admitted, deposited, enrolled, denied, withdrawn_app). COALESCE to 0. Column: stealth_app_pct.",COALESCE to 0; stealth_flag definition depends on upstream CRM inquiry-linkage logic in fact_application.,,,,draft
Admissions,Application Completion Rate,% of started applications that are fully submitted. Low rates flag UX or process issues.,KPI,Operational,No,N/A,Slate,mart_admissions_funnel,Weekly,Admissions Director,No,"app_complete_count (in complete, admitted, deposited, enrolled) divided by app_started_count (in applied, complete, admitted, deposited, enrolled, denied, withdrawn_app). No pre-computed rate column in mart; BI layer must divide app_complete_count / app_started_count.",Completion rate not pre-computed — BI layer must derive from app_complete_count and app_started_count.,,,,draft
Admissions,Avg Academic Profile (GPA / Test),"Mean/median GPA and test scores of admitted and enrolled cohorts, tracked year-over-year.",KPI,Strategic,No,N/A,Slate / Jenzabar:Workday:Banner,mart_admissions_class_profile,Term,"VP Enrollment, Provost",No,avg_hs_gpa: mean hs_gpa over enrolled applicants (enrolled_flag=true). avg_sat_total: mean sat_total where test_optional_flag=false. avg_act_composite: mean act_composite where test_optional_flag=false. All restricted to fact_application.enrolled_flag=true.,test_optional_flag is hardcoded false on dim_applicant (TODO noted in SQL) — all enrolled applicants are currently included in test score averages regardless of test-optional status.,,,,draft
Admissions,Geographic Diversity Index,"% of enrollees from out-of-state, international, or target feeder markets.",KPI,Strategic,No,N/A,Slate / Jenzabar:Workday:Banner,mart_admissions_class_profile,Term,VP Enrollment,No,"geographic_diversity_index = 1 − SUM[(tier_count / total_enrolled)²] across three geo tiers: in_state, out_of_state, international. Range 0 (all from one tier) to ~0.67 (even split). Higher = more diverse. Column: geographic_diversity_index.","in_state defined as state_code matching var('institution_state', 'MA') — hardcoded default; school-specific institution_state var must be set correctly at runtime.",,,,draft
Admissions,First-Gen Enrollment %,% of enrolled new students identifying as first-generation college students.,KPI,Compliance,No,N/A,Jenzabar:Workday:Banner,mart_admissions_class_profile,Term,"VP Enrollment, Financial Aid",Yes,Mean of (is_first_generation=true ? 1.0 : 0.0) over enrolled applicants joined to dim_student via person_id = student_id where is_current=true. COALESCE to 0. Column: first_gen_rate.,SCD2 join to dim_student uses is_current=true rather than a term census-date range join (deferred per SQL comment); null for applicants where person_id is null on dim_applicant.,,,,draft
Admissions,Underrepresented Minority %,Diversity composition of incoming class. Ties to Title III / institutional goals.,KPI,Compliance,No,N/A,Jenzabar:Workday:Banner,mart_admissions_class_profile,Term,"VP Enrollment, Provost",Yes,Mean of (is_urm=true ? 1.0 : 0.0) over enrolled applicants joined to dim_student via person_id = student_id where is_current=true. COALESCE to 0. Column: urm_rate.,Same SCD2 caveat as First-Gen Enrollment %: is_current=true join; census date range join deferred; null for applicants without person_id.,,,,draft
Admissions,Counselor Caseload & Activity,"Contacts per counselor, visit volume, and event attendance vs. targets.",KPI,Operational,No,N/A,Slate,mart_admissions_funnel,Weekly,Admissions Director,No,Count of distinct counselor_ref values for applicants with enrolled_flag=true per program × term. Column: active_counselor_count.,"Counts only counselors with at least one enrolled student; visit volume, event attendance, and contacts-per-counselor metrics are not in this mart.",,,,draft
Admissions,Cost Per Enrolled Student,Total recruitment budget ÷ new enrolled headcount. Compare by channel and cohort.,KPI,Financial,No,N/A,Slate / GL,mart_admissions_funnel,Term,"VP Enrollment, CFO",No,Total recruitment budget (from GL — not in mart) divided by enrolled_count. Mart provides enrolled_count denominator only; numerator requires external GL cost source.,Budget/cost numerator not in mart; full KPI requires GL integration.,,,,draft
Admissions,Application Processing Time,Avg. days from complete application to decision letter. Affects competitor yield.,KPI,Operational,No,N/A,Slate,mart_admissions_funnel,Weekly,Admissions Director,No,avg_days_app_to_complete: mean days from application start to complete status; avg_days_complete_to_decision: mean days from complete to admission decision; avg_days_inquiry_to_decision: mean days from first inquiry to decision. All averaged per program × term excluding nulls.,,,,,draft
Admissions,CRM Engagement Score,"Composite of email opens, portal logins, campus visits from Slate.",KPI,Operational,No,N/A,Slate,mart_admissions_funnel,Weekly,Admissions Counselors,No,NOT YET COMPUTABLE — engagement_score_avg is hardcoded null::numeric in mart_admissions_funnel pending confirmation of stg_slate__applications.engagement_score.,,,,,draft
Admissions,Year-over-Year Funnel Comparison,Each funnel stage compared to same week/month of prior cycle. Reveals if class is building faster or slower.,KPI,Strategic,Yes,Leading,Slate,snap_admissions_weekly,Weekly,"Admissions Director, VP Enrollment",No,"Time-series view of admissions funnel metrics — same inquiry_count, app_complete_count, admit_count, deposit_count, enrolled_count, inquiry_to_app_rate, admit_rate, yield_rate as mart_admissions_funnel base KPIs; one row per program × entry term × snapshot_week_num (weeks since Oct 1 of entry-year cycle start; negative = pre-Oct 1 activity).",snapshot_week_num is calculated from current_date() at each weekly run; prior-year comparison requires BI-layer self-join on matching snapshot_week_num across different entry terms.,,,,draft
Admissions,Inquiry-to-App Conversion Trend,Rolling 4-term trend of inquiry-to-application rate.,KPI,Strategic,Yes,Lagging,Slate,snap_admissions_weekly,Term,VP Enrollment,No,Time-series view of Inquiry-to-Application Rate — same calculation as base KPI (inquiry_to_app_rate); one row per program × entry term × snapshot_week_num.,,,,,draft
Admissions,Yield Rate Trend (5-Year),"Admit-to-enroll yield tracked annually. Segment by program, geo, and merit band.",KPI,Strategic,Yes,Lagging,Slate,snap_admissions_weekly,Annual,"VP Enrollment, President",No,Time-series view of Admit-to-Yield Rate — same calculation as base KPI (yield_rate); one row per program × entry term × snapshot_week_num.,,,,,draft
Admissions,Deposit Pace vs. Prior Year,Cumulative deposits by date within cycle overlaid with same date-range from prior 2 years.,KPI,Strategic,Yes,Leading,Slate,snap_admissions_weekly,Daily (spring),"Admissions Director, VP Enrollment",No,Time-series view of Deposit Conversions — deposit_count (applicants in deposited or enrolled stage) per program × entry term × snapshot_week_num; cumulative within each entry-term cycle.,,,,,draft
Admissions,Application Volume Trend,"Total apps received per term over 5+ years, segmented by student type.",KPI,Strategic,Yes,Lagging,Slate,snap_admissions_weekly,Annual,"VP Enrollment, President",No,Time-series view of application volume — app_started_count (applicants in applied/complete/admitted/deposited/enrolled/denied/withdrawn_app) and app_complete_count per program × entry term × snapshot_week_num.,,,,,draft
Admissions,Stealth Applicant % Trend,Year-over-year change in % of apps from students with no prior CRM contact.,KPI,Strategic,Yes,Lagging,Slate,snap_admissions_weekly,Annual,VP Enrollment,No,Time-series view of Stealth Applicant % — stealth_app_count and implied stealth_app_pct; same logic as base KPI per program × entry term × snapshot_week_num.,,,,,draft
Admissions,Avg Academic Profile Trend,Mean GPA and test scores of enrolled cohort tracked year-over-year.,KPI,Strategic,Yes,Lagging,Slate / Jenzabar:Workday:Banner,snap_admissions_weekly,Annual,"VP Enrollment, Provost",No,"NO CONFIDENT MATCH — snap_admissions_weekly contains funnel stage counts and conversion rates only; avg_hs_gpa, avg_sat_total, and avg_act_composite are not present in this snapshot.",,,,,draft
Admissions,Geographic Diversification Trend,Out-of-state and international % of enrolled class over 5 years.,KPI,Strategic,Yes,Lagging,Jenzabar:Workday:Banner,snap_enrollment_term,Annual,"VP Enrollment, CFO",No,NOT YET COMPUTABLE — snap_enrollment_term has a null-stub residency_type column; geographic tier breakdown is not populated and no geographic_diversity_index column exists in this model.,,,,,draft
Admissions,Feeder School Concentration Trend,"% of enrolled students from top 10 feeder high schools, tracked annually.",KPI,Strategic,Yes,Lagging,Slate,snap_admissions_weekly,Annual,VP Enrollment,No,NO CONFIDENT MATCH — snap_admissions_weekly aggregates at program × entry term grain; feeder_concentration_index is in mart_admissions_class_profile (not snap_admissions_weekly) and no feeder school columns are present in the snapshot.,,,,,draft
Admissions,Funnel Pipeline (Real-Time),Live funnel: inquiry → app → admit → deposit vs. prior year and goal.,Dashboard,Operational,No,N/A,Slate,mart_admissions_funnel,Daily,"Admissions Director, VP Enrollment",No,"COMPOSITE — draws inquiry_count, app_started_count, app_complete_count, admit_count, deposit_count, enrolled_count, inquiry_to_app_rate, admit_rate, yield_rate, deposit_to_enroll_rate from mart_admissions_funnel at program × entry term grain. Needs manual definition.",,,,,draft
Admissions,Yield Management,"Yield rate by program, aid sensitivity, competitor overlap, melt rate.",Dashboard,Strategic,No,N/A,Slate / PowerFAIDS,mart_admissions_funnel,Term,"VP Enrollment, Financial Aid Director",No,"COMPOSITE — draws yield_rate, deposit_count, enrolled_count, admit_rate from mart_admissions_funnel; aid sensitivity (yield by aid band) requires mart_aid_leveraging which is a stub; competitor overlap not in any current mart. Needs manual definition.",,,,,draft
Admissions,Class Profile Builder,"GPA distribution, geo heat map, diversity metrics, feeder schools.",Dashboard,Strategic,No,N/A,Slate / Jenzabar:Workday:Banner,mart_admissions_class_profile,Term,"VP Enrollment, Provost",No,"COMPOSITE — draws avg_hs_gpa, avg_sat_total, avg_act_composite, test_optional_rate (academic profile); geographic_diversity_index, in_state_count, out_of_state_count, international_count (geographic); first_gen_rate, urm_rate (diversity); feeder_concentration_index from mart_admissions_class_profile at program × entry term grain. Needs manual definition.","test_optional_flag is hardcoded false in mart_admissions_class_profile; hs_ceeb_code, hs_name, and hs_state are null stubs — feeder concentration index uses null CEEB codes.",,,,draft
Admissions,Counselor Activity Tracker,"Travel schedule, event ROI, territory performance.",Dashboard,Operational,No,N/A,Slate,mart_admissions_funnel,Weekly,Admissions Director,No,"COMPOSITE — draws active_counselor_count from mart_admissions_funnel; travel schedule, event ROI, and territory performance require external data not in this mart. Needs manual definition.",,,,,draft
Admissions,Cycle-over-Cycle Funnel Tracker,Live current cycle paced against prior 2 years at same date.,Dashboard,Operational,Yes,Leading,Slate,snap_admissions_weekly,Daily (spring),"Admissions Director, VP Enrollment",No,"COMPOSITE — draws funnel stage counts and conversion rates (inquiry_count, app_complete_count, admit_count, deposit_count, enrolled_count, yield_rate) from snap_admissions_weekly; indexed by snapshot_week_num for same-week prior-cycle comparison. Needs manual definition.",snapshot_week_num is weeks since Oct 1 of entry year; negative values indicate pre-Oct 1 cycle activity.,,,,draft
Admissions,5-Year Funnel Trend Report,Annual view of full funnel metrics from each of the last 5 entry terms.,Dashboard,Strategic,Yes,Lagging,Slate,snap_admissions_weekly,Annual,"VP Enrollment, President, Board",No,COMPOSITE — draws funnel counts and conversion rates from snap_admissions_weekly across the most recent 5 entry-term academic years. Needs manual definition.,,,,,draft
Admissions,Territory Performance Over Time,Counselor/territory yield and conversion rates across multiple cycles.,Dashboard,Operational,Yes,Lagging,Slate,snap_admissions_weekly,Annual,Admissions Director,No,NO CONFIDENT MATCH — snap_admissions_weekly aggregates at program × entry term grain with no counselor or territory dimension; territory-level yield and conversion breakdown is not available in this mart.,,,,,draft
Registration,Section Fill Rate,Enrolled ÷ capacity per section. Flag sections below 60% or over 90%.,KPI,Operational,No,N/A,Jenzabar:Workday:Banner,mart_section_utilization,Term,"Registrar, Deans",No,NOT YET COMPUTABLE — fill_rate is null stub in mart_section_utilization; requires section_capacity column not yet added to dim_course_section. enrolled_count per section is available.,,,,,draft
Registration,Waitlist Conversion Rate,% of waitlisted students who ultimately enrolled. High rates signal under-supply.,KPI,Operational,No,N/A,Jenzabar:Workday:Banner,mart_section_utilization,Term,Registrar,No,waitlisted_count per section divided by (enrolled_count + waitlisted_count) per section; null when both enrolled and waitlisted are zero. Column: waitlist_pressure_rate.,"This is a demand pressure proxy, not true waitlist-to-enrollment conversion; L→R registration status transition tracking is not yet implemented — SQL comment notes 'Rename when true conversion logic is built.'",,,,draft
Registration,Course Demand vs. Capacity Gap,Unmet demand by department/course. Drives section expansion decisions.,KPI,Strategic,No,N/A,Jenzabar:Workday:Banner,mart_section_utilization,Term,"Registrar, Deans, Provost",No,NOT YET COMPUTABLE — capacity_gap is null stub (section_capacity not yet in dim_course_section). total_demand_count (enrolled + waitlisted + dropped per section) is available as a raw-demand proxy.,,,,,draft
Registration,Credits per FTE,Avg. credit hours per full-time equivalent student. Tied to tuition revenue and SAP.,KPI,Financial,No,N/A,Jenzabar:Workday:Banner,mart_enrollment_census,Term,"CFO, Registrar",No,"total_registered_hours divided by fte per (program, student_type, load_status, term) group. FTE = IPEDS formula: UG registered_hours / 15; Graduate registered_hours / 9. Denominator uses NULLIF to avoid divide-by-zero. Column: credits_per_fte.",CE enrollments appear as load_status='unknown' and contribute to total_registered_hours but use the undergraduate divisor (15) in the FTE calculation.,,,,draft
Registration,Add/Drop Activity Rate,Volume and timing of schedule changes by term.,KPI,Operational,No,N/A,Jenzabar:Workday:Banner,mart_section_utilization,Term (during add/drop),Registrar,No,Count of enrolled students with has_multiple_registration_attempts=true for the section divided by enrolled_count per section. Column: add_drop_rate.,"has_multiple_registration_attempts is a binary flag — a student who added/dropped once counts the same as one who did so multiple times; tracks students with churn, not raw transaction count.",,,,draft
Registration,Withdrawal Rate,% of enrolled students who fully withdraw mid-term.,KPI,Compliance,No,N/A,Jenzabar:Workday:Banner,mart_enrollment_census,Term,"Registrar, VP Enrollment",Yes,"Count of distinct student_id values with is_withdrawn=true divided by total distinct enrolled student_id values per (program, student_type, load_status, term) group. Column: withdraw_rate.",Uses is_withdrawn (sentinel-cleaned); withdrawal_code '2' is excluded from withdrawal identification in upstream fact_student_term per SQL comment.,,,,draft
Registration,Incomplete (I) Grade Rate,% of students receiving incompletes. Tracks unresolved by semester and school.,KPI,Operational,No,N/A,Jenzabar:Workday:Banner,mart_section_utilization,Term,"Registrar, Deans",Yes,Count of enrollment rows where dim_grade.is_incomplete=true divided by enrolled_count per section. Column: incomplete_rate.,,,,,draft
Registration,Time-to-Degree Progress,Credits earned vs. credits needed at each enrollment milestone.,KPI,Strategic,No,N/A,Jenzabar:Workday:Banner,mart_academic_progress,Term,"Registrar, Advisors, Provost",Yes,"credits_remaining = max(credits_to_degree − cumulative_earned_hours, 0) per student. expected_credits_at_level maps UG class level to milestones: FR=0, SO=30, JR=60, SR=90 expected credits. credits_to_degree defaults to 120 (UG), 36 (GR), 18 (certificate) when not on dim_program.","Default credits_to_degree values (120 UG, 36 GR, 18 cert) are used when dim_program.required_hours is not populated; transfer_attempted_hours and transfer_earned_hours are tracked separately but both are included in cumulative_earned_hours for remaining-credits computation.",,,,draft
Registration,Graduation Rate (4yr / 6yr),IPEDS-reported completion rates. Critical for federal reporting and rankings.,KPI,Compliance,No,N/A,Jenzabar:Workday:Banner / NSC,mart_retention_cohort_summary,Annual,"Provost, VP Enrollment, President",No,"yr4_grad_rate and yr6_grad_rate from mart_retention_cohort_summary. Columns: yr4_grad_rate (pct_graduated at years_since_entry=4), yr6_grad_rate (pct_graduated at years_since_entry=6). Pivots snap_cohort_milestone to IPEDS-standard grain.",NSC not integrated; transfer-outs counted as stopped out. graduated_to_date uses dim_student.is_graduated (in-institution only) — will undercount graduates who transferred out and completed elsewhere.,,,,draft
Registration,On-Track Graduation %,% of enrolled students projected to graduate on time based on current credit pace.,KPI,Strategic,No,N/A,Jenzabar:Workday:Banner,mart_academic_progress,Term,"Registrar, Advisors",Yes,"yr4_grad_rate and yr6_grad_rate from mart_retention_cohort_summary. Columns: yr4_grad_rate (pct_graduated at years_since_entry=4), yr6_grad_rate (pct_graduated at years_since_entry=6). Pivots snap_cohort_milestone to IPEDS-standard grain.",NSC not integrated; transfer-outs counted as stopped out. graduated_to_date uses dim_student.is_graduated (in-institution only) — will undercount graduates who transferred out and completed elsewhere.,,,,draft
Registration,Classroom Utilization Rate,Hours in use ÷ available hours per room. Drives capital and scheduling decisions.,KPI,Financial,No,N/A,Jenzabar:Workday:Banner,mart_section_utilization,Term,"Registrar, Facilities",No,NOT YET COMPUTABLE — fill_rate is null stub and section_capacity not yet in dim_course_section; room dimension (hours-in-use / available-hours) not yet built per SQL comment.,,,,,draft
Registration,Faculty Teaching Load Compliance,Actual vs. contracted credit hours per faculty.,KPI,Compliance,No,N/A,Jenzabar:Workday:Banner / Workday,mart_section_utilization,Term,"Registrar, HR, Deans",No,NO CONFIDENT MATCH — mart_section_utilization has faculty_key per section row but dim_faculty join is broken pending FK resolution (SQL comment); contracted credit hours not modeled; actual-vs-contracted load cannot be computed.,,,,,draft
Registration,Registration Holds at Start of Term,% of students with active holds blocking registration.,KPI,Operational,No,N/A,Jenzabar:Workday:Banner,mart_registration_holds,Weekly (pre-term),"Registrar, Bursar, Advising",Yes,"mart_registration_holds provides one row per active hold instance with is_active, blocks_registration, hold_code, and hold_description flags. Percentage of students with blocking holds requires joining to enrollment mart for a headcount denominator; not pre-aggregated in this mart.",Percentage rate (% of students with active registration-blocking holds) requires joining enrolled headcount from mart_enrollment_census; mart_registration_holds is hold-level grain.,,,,draft
Registration,Cohort Credit Accumulation Curve,Avg cumulative credits by term number for each entering cohort.,KPI,Strategic,Yes,Lagging,Jenzabar:Workday:Banner,snap_cohort_milestone,Annual,"Provost, Advising, Registrar",Yes,"avg_credits_cumulative = mean of cumulative_attempted_hours for students with is_enrolled_at_milestone=1 per (entry_term, measurement_term, program, cohort_type, years_since_entry) group. Column: avg_credits_cumulative.","Average computed over enrolled survivors only (is_enrolled_at_milestone=1); students who stopped out before the measurement term are excluded — curve reflects retained cohort members, not the full original cohort.",,,,draft
Registration,Term GPA Trend by Cohort,Rolling avg term GPA for each cohort as they progress.,KPI,Strategic,Yes,Leading,Jenzabar:Workday:Banner,snap_cohort_milestone,Term,"Advising, Provost",Yes,"avg_cum_gpa = mean of cumulative_gpa for students enrolled at each fall measurement milestone per (entry_term, measurement_term, program, cohort_type) group. Column: avg_cum_gpa.",Survivor bias — only students enrolled at the fall measurement term contribute; stop-outs (who may have lower GPAs) are excluded from the average.,,,,draft
Registration,W/I Grade Rate Trend,Withdrawal and incomplete grade rates per term over 5+ years by department.,KPI,Compliance,Yes,Lagging,Jenzabar:Workday:Banner,mart_section_utilization,Annual,"Registrar, Deans, Provost",No,w_rate = grade_w_count / enrolled_count per section (grade_code LIKE 'W%'); incomplete_rate = grade_i_count / enrolled_count per section (dim_grade.is_incomplete=true). Time-series trend derived by querying across multiple terms using term_acad_yr at department level.,Both rates are at section grain; department-level trend requires BI-layer aggregation: sum grade_w_count and enrolled_count across sections grouped by department_code and term.,,,,draft
Registration,On-Track Graduation % Trend,% of students projected to graduate on time tracked across cohorts at same milestone.,KPI,Strategic,Yes,Leading,Jenzabar:Workday:Banner,snap_cohort_milestone,Annual,"Registrar, Provost",No,"Time-series view of On-Track Graduation % — pct_on_track = sum(is_enrolled_at_milestone=1 AND on_track_gpa_flag=true) / sum(is_enrolled_at_milestone) per (entry_term, measurement_term, program, cohort_type) across years_since_entry values. Column: pct_on_track.",on_track_gpa_flag is GPA-based only; survivor bias applies — enrolled survivors only contribute to the rate.,,,,draft
Registration,Average Time-to-Degree Trend,"Actual semesters to graduation for completers, by cohort entry year.",KPI,Strategic,Yes,Lagging,Jenzabar:Workday:Banner,snap_cohort_milestone,Annual,"Provost, VP Enrollment",No,NO CONFIDENT MATCH — snap_cohort_milestone tracks the proportion of a cohort graduated at milestone years (pct_graduated) but does not store average semesters elapsed for completers; a completer's exact graduation term relative to entry is not captured at this grain.,,,,,draft
Registration,Section Fill Rate Trend by Dept,Rolling fill rates per department per term flagging sustained over/under-enrollment.,KPI,Operational,Yes,Lagging,Jenzabar:Workday:Banner,mart_section_utilization,Term,"Registrar, Deans",No,NOT YET COMPUTABLE — fill_rate is null stub in mart_section_utilization (section_capacity not yet in dim_course_section); fill-rate trend cannot be computed.,,,,,draft
Registration,Waitlist Volume Trend,Total waitlisted seats per term over time.,KPI,Operational,Yes,Leading,Jenzabar:Workday:Banner,mart_section_utilization,Term,"Registrar, Deans",No,Time-series view of waitlist volume — sum of waitlisted_count across sections grouped by department_code and term_acad_yr from mart_section_utilization. Column: waitlisted_count.,,,,,draft
Registration,Credits-per-FTE Trend,Institution-wide avg credits per FTE per term. Declining trend signals part-time drift.,KPI,Financial,Yes,Lagging,Jenzabar:Workday:Banner,snap_enrollment_term,Term,"CFO, Registrar",No,NOT YET COMPUTABLE — fte is a null stub (null::numeric) in snap_enrollment_term; FTE computation requires fact_student_term load_status integration not yet joined in this model.,,,,,draft
Registration,Course Demand & Supply,"Section fill rates, waitlist heat map, demand gaps by dept.",Dashboard,Operational,No,N/A,Jenzabar:Workday:Banner,mart_section_utilization,Term,"Registrar, Deans",No,"COMPOSITE — draws enrolled_count, waitlisted_count, total_demand_count, capacity_gap (null stub), fill_rate (null stub) from mart_section_utilization at section × term grain. Section fill rate and capacity gap unavailable until section_capacity is populated. Needs manual definition.",fill_rate and capacity_gap are null stubs.,,,,draft
Registration,Student Academic Progress,"Credit pace, W/I grade tracking, on-track % by cohort.",Dashboard,Strategic,No,N/A,Jenzabar:Workday:Banner,mart_academic_progress,Term,"Advisors, Registrar",Yes,"COMPOSITE — draws registered_hours, cumulative_earned_hours, credits_remaining, on_track_gpa_flag, is_sap_compliant, withdrawal_code, cum_gpa_band, class_level_code from mart_academic_progress at student row grain. Needs manual definition.",student_key is exposed at row level in mart_academic_progress — FERPA role-based access control required before client-facing delivery.,,,,draft
Registration,Room & Faculty Utilization,"Room fill by time block, faculty load, scheduling conflicts.",Dashboard,Operational,No,N/A,Jenzabar:Workday:Banner / Workday,mart_section_utilization,Term,"Registrar, Facilities, HR",No,COMPOSITE — mart_section_utilization provides enrolled_count per section and faculty_key; fill_rate is null stub; dim_faculty join broken pending FK resolution; room-level hours-in-use not built. Mostly unavailable. Needs manual definition.,fill_rate null stub; dim_faculty join broken; room utilization dimension not built.,,,,draft
Registration,Registrar Operations,"Holds report, add/drop volume, transcript requests, IPEDS readiness.",Dashboard,Operational,No,N/A,Jenzabar:Workday:Banner,mart_registration_holds,Weekly,Registrar,No,"COMPOSITE — draws is_active, blocks_registration, blocks_transcript, hold_code, hold_description, placed_date, student_id from mart_registration_holds at hold-level grain. Needs manual definition.",mart_registration_holds is hold-level grain; aggregate counts (% of students with holds) require joining enrollment mart for denominator.,,,,draft
Registration,Cohort Academic Progress Curves,Multi-cohort line chart: credit accumulation and GPA by term number.,Dashboard,Strategic,Yes,Lagging,Jenzabar:Workday:Banner,snap_cohort_milestone,Annual,"Provost, VP Enrollment",No,"COMPOSITE — draws avg_credits_cumulative, avg_cum_gpa, pct_still_enrolled across years_since_entry values per (entry_term, program, cohort_type) from snap_cohort_milestone. Needs manual definition.",,,,,draft
Registration,Course Demand Trending,Dept-level section fill rates and waitlist volumes over 4–6 terms.,Dashboard,Operational,Yes,Lagging,Jenzabar:Workday:Banner,mart_section_utilization,Annual,"Registrar, Deans",No,"COMPOSITE — draws waitlisted_count, dropped_count, total_demand_count, add_drop_rate from mart_section_utilization grouped by department_code and term_acad_yr for multi-term trending. Needs manual definition.",fill_rate is null stub.,,,,draft
Financial Aid,Tuition Discount Rate,Institutional aid ÷ gross tuition billed. Industry benchmark: 40–55% at small privates.,KPI,Financial,No,N/A,PowerFAIDS / Jenzabar:Workday:Banner,mart_enrollment_census_ntr,Term,"CFO, President, Board",No,"discount_rate from mart_enrollment_census_ntr. Column: discount_rate = total_aid_disbursed / gross_tuition_billed per term. Grain: one row per (institution_id, term_key). DEMEAU synthetic data: account_value=0 → gross_tuition_billed=0, but production data will populate correctly.","DEMEAU synthetic data has account_value=0 → gross_tuition_billed=0 in sbcust_rec, but model logic is complete and will activate correctly with real school billing data.",,,,draft
Financial Aid,Net Tuition Revenue per Student,Gross tuition minus all institutional aid per enrolled FTE.,KPI,Financial,No,N/A,PowerFAIDS / Jenzabar:Workday:Banner,mart_enrollment_census_ntr,Term,"CFO, President, Board",No,"ntr_per_student from mart_enrollment_census_ntr. Column: ntr_per_student = net_tuition_revenue / enrolled_headcount per term. Denominator from mart_enrollment_census aggregated to (institution, term) grain.",DEMEAU synthetic data has zero billing values; production data will populate correctly.,,,,draft
Financial Aid,Aid Budget vs. Actuals,Institutional aid awarded vs. budgeted by term and cohort type.,KPI,Financial,No,N/A,PowerFAIDS,mart_aid_summary,Term,"Financial Aid Director, CFO",No,"ntr_per_student from mart_enrollment_census_ntr. Column: ntr_per_student = net_tuition_revenue / enrolled_headcount per term. Denominator from mart_enrollment_census aggregated to (institution, term) grain.",DEMEAU synthetic data has zero billing values; production data will populate correctly.,,,,draft
Financial Aid,Avg Institutional Award per Student,"Mean grant/scholarship award by program, merit band, and need tier.",KPI,Financial,No,N/A,PowerFAIDS,mart_aid_summary,Term,Financial Aid Director,No,"Sum of total_inst_offered (institutional aid rows only) divided by count of distinct students with total_inst_offered > 0 per (program, term). Column: avg_inst_award_per_recipient.",Denominator is students with at least one institutional aid award — students with only federal or state aid are excluded from the denominator.,,,,draft
Financial Aid,Leveraging Efficiency,Aid dollars spent per enrolled student vs. marginal net revenue gained.,KPI,Strategic,No,N/A,PowerFAIDS / Jenzabar:Workday:Banner,mart_aid_leveraging,Term,"VP Enrollment, CFO",No,"merit_aid_total / total_inst_aid from mart_aid_leveraging per (term_key, program_key). Core leveraging metrics (merit vs. need split, aid band yield analysis) are functional. Columns: inst_aid_offered, merit_aid_total, need_based_aid_total, yield by aid_band. Unmet need and COA-based discount remain null until PowerFAIDS provides COA/EFC fields, but this does not block leveraging efficiency calculation.","Unmet need metrics (coa_amount, efc_amount-based calculations) await PowerFAIDS deposit; core leveraging metrics functional.",,,,draft
Financial Aid,FAFSA Completion Rate,% of enrolled/admitted students with a filed FAFSA.,KPI,Compliance,No,N/A,PowerFAIDS,mart_aid_summary,Term (during FAFSA season),Financial Aid Director,Yes,"merit_aid_total / total_inst_aid from mart_aid_leveraging per (term_key, program_key). Core leveraging metrics (merit vs. need split, aid band yield analysis) are functional. Columns: inst_aid_offered, merit_aid_total, need_based_aid_total, yield by aid_band. Unmet need and COA-based discount remain null until PowerFAIDS provides COA/EFC fields, but this does not block leveraging efficiency calculation.","Unmet need metrics (coa_amount, efc_amount-based calculations) await PowerFAIDS deposit; core leveraging metrics functional.",,,,draft
Financial Aid,Verification Completion Rate,% of selected students who complete verification within deadlines.,KPI,Compliance,No,N/A,PowerFAIDS,mart_aid_summary,Weekly,Financial Aid Director,Yes,"Count of distinct students with verification_status='complete' divided by count of students with verification_status in (selected, pending, complete, rejected) per (program, term). Column: verification_completion_rate.",verification_status resolved per student-term by max_by with rank order: complete(5) > rejected(4) > pending(3) > selected(2) > not_selected(1) across all aid rows.,,,,draft
Financial Aid,SAP Compliance Rate,% of aid recipients meeting Satisfactory Academic Progress. Required for Title IV.,KPI,Compliance,No,N/A,PowerFAIDS / Jenzabar:Workday:Banner,mart_aid_summary,Term,Financial Aid Director,Yes,"Count of distinct students with sap_at_award='satisfactory' divided by count of students with sap_at_award IS NOT NULL per (program, term). Students without any SAP record are excluded from the denominator. Column: sap_compliance_rate.","sap_at_award taken as the most recent non-null value (max_by on last_updated_date) across aid rows per student-term; satisfactory is the only compliant status — warning, probation, suspension, and termination are non-compliant.",,,,draft
Financial Aid,Cohort Default Rate (CDR),3-year CDR on federal loans. >30% triggers federal sanctions.,KPI,Compliance,No,N/A,PowerFAIDS / NSC,mart_ipeds_reporting,Annual,"Financial Aid Director, President",No,NOT YET COMPUTABLE — mart_ipeds_reporting returns zero rows; CDR requires stg_nsc__cohort_default_rates from NSC deposit not yet provisioned (SQL stub comment).,,,,,draft
Financial Aid,R2T4 Return Rate,Return of Title IV funds from withdrawn students. Timeliness and accuracy matter.,KPI,Compliance,No,N/A,PowerFAIDS,mart_aid_summary,Term,Financial Aid Director,Yes,"Count of distinct students with r2t4_flag=true divided by enrolled_headcount (total distinct students) per (program, term). Column: r2t4_rate.",r2t4_flag set via boolor_agg across all aid rows per student-term — any single aid row with r2t4_flag=true triggers the student-level flag.,,,,draft
Financial Aid,Pell Grant Recipients %,% of enrolled students receiving Pell. Indicator of served low-income population.,KPI,Compliance,No,N/A,PowerFAIDS,mart_aid_summary,Term,"Financial Aid Director, VP Enrollment",Yes,"Count of distinct students with is_pell_recipient=true (at least one aid row with aid_type_code='GRANT_FED_PELL' via boolor_agg) divided by enrolled_headcount per (program, term). Column: pell_recipient_pct.",is_pell_recipient uses hardcoded sentinel 'GRANT_FED_PELL' on dim_aid_type.aid_type_code — verify this matches the actual Pell fund code in the aid_type seed.,,,,draft
Financial Aid,Packaging Completion Rate,% of enrolled students with finalized aid packages by start of term.,KPI,Operational,No,N/A,PowerFAIDS,mart_aid_summary,Weekly (pre-term),Financial Aid Director,Yes,"Count of students where booland_agg(packaging_status='packaged') = true (all aid rows packaged) divided by aided_recipient_count (students with any offered_amount > 0) per (program, term). Column: packaging_completion_rate.",booland_agg requires ALL aid rows for a student to be packaged — a single unpackaged or pending row prevents the student from being counted as fully packaged.,,,,draft
Financial Aid,Unmet Need per Student,Cost of attendance minus all aid and EFC. High unmet need correlates to stop-out risk.,KPI,Strategic,No,N/A,PowerFAIDS,mart_aid_summary,Term,"Financial Aid Director, VP Enrollment",Yes,"Sum of unmet_need across all aid rows per student-term divided by count of students with at least one non-null unmet_need record per (program, term). Column: avg_unmet_need.",unmet_need is null for JCX bridge rows until PowerFAIDS is live (SQL comment); avg_unmet_need will be null until has_powerfaids=true.,,,,draft
Financial Aid,Award Acceptance Rate,% of offered aid packages accepted.,KPI,Strategic,No,N/A,PowerFAIDS,mart_aid_summary,Term,Financial Aid Director,Yes,"Sum of accepted_amount divided by sum of offered_amount per (program, term). COALESCE applied to prevent null. Column: acceptance_rate.","Rate is based on dollar amounts (total_accepted / total_offered), not on a count of students who accepted; a student accepting 90% of a large award has more weight than one accepting 100% of a small award.",,,,draft
Financial Aid,Loan Borrowing Rate,% of students taking federal loans; avg. borrowed amount.,KPI,Strategic,No,N/A,PowerFAIDS,mart_aid_summary,Term,"Financial Aid Director, CFO",Yes,"Count of students with has_loan=true (at least one is_loan=true aid row via boolor_agg) divided by aided_recipient_count (students with offered_amount > 0) per (program, term). Column: loan_borrowing_rate.",Denominator is aided recipients only — not all enrolled students; students with no aid record are excluded from both numerator and denominator.,,,,draft
Financial Aid,Tuition Discount Rate Trend (5-Year),The single most-watched financial aid metric by boards and bond rating agencies.,KPI,Financial,Yes,Lagging,PowerFAIDS / Jenzabar:Workday:Banner,snap_aid_term,Annual,"CFO, President, Board",No,NOT YET COMPUTABLE — discount_rate is null stub in snap_aid_term; computation requires gross_tuition_billed from fact_enrollment which is not yet joined in this model (SQL comment).,,,,,draft
Financial Aid,Net Tuition Revenue Trend,NTR per term and per enrolled student over 5+ years.,KPI,Financial,Yes,Lagging,PowerFAIDS / Jenzabar:Workday:Banner,snap_aid_term,Annual,"CFO, President, Board",No,NOT YET COMPUTABLE — NTR requires gross_tuition_billed from fact_enrollment joined to aid disbursements; neither net_tuition_revenue nor gross_tuition_billed are populated in snap_aid_term.,,,,,draft
Financial Aid,Merit vs. Need Aid Split Trend,Year-over-year shift in proportion of institutional aid awarded as merit vs. need-based.,KPI,Strategic,Yes,Lagging,PowerFAIDS,snap_aid_term,Annual,"VP Enrollment, CFO",No,Sum of offered_amount_total where is_merit_based=true divided by sum of offered_amount_total where is_institutional=true per term; derived by aggregating snap_aid_term rows (term × aid_type grain) filtering on is_merit_based and is_institutional flags.,snap_aid_term is at term × aid_type grain; BI layer must aggregate across aid_type_key rows within a term to compute institution-wide merit-vs-need totals.,,,,draft
Financial Aid,Avg Award per Student Trend,Average institutional award per enrolled student by program over time.,KPI,Financial,Yes,Lagging,PowerFAIDS,snap_aid_term,Term,"Financial Aid Director, CFO",No,"Time-series view of offered_amount_per_recipient = offered_amount_total / recipient_count per (term × aid_type). For institution-wide institutional average: filter rows to is_institutional=true, sum offered_amount_total, divide by sum of recipient_count. Column: offered_amount_per_recipient.",Per-recipient average is at (term × aid_type) grain; full institutional per-student average requires BI-layer aggregation across aid types within a term.,,,,draft
Financial Aid,Unmet Need Trend,Avg unmet need per student over time. Rising unmet need is an early equity warning signal.,KPI,Strategic,Yes,Leading,PowerFAIDS,snap_aid_term,Term,"Financial Aid Director, VP Enrollment",Yes,Time-series view of unmet_need_avg per (term × aid_type) from snap_aid_term. Column: unmet_need_avg.,unmet_need_avg is null until PowerFAIDS is live (SQL comment).,,,,draft
Financial Aid,Pell Recipient % Trend,Annual change in % of enrolled students receiving Pell.,KPI,Compliance,Yes,Lagging,PowerFAIDS,snap_aid_term,Annual,"Financial Aid Director, VP Enrollment",Yes,Time-series view of Pell Grant Recipients % — pell_recipient_rate = recipient_count / enrolled_count for rows where is_pell_grant=true per term from snap_aid_term. Column: pell_recipient_rate.,,,,,draft
Financial Aid,Cohort Default Rate Trend,3-year CDR tracked annually across cohorts.,KPI,Compliance,Yes,Lagging,PowerFAIDS / NSC,mart_ipeds_reporting,Annual,"Financial Aid Director, President",No,NOT YET COMPUTABLE — mart_ipeds_reporting returns zero rows; CDR historical trend requires NSC cohort default rate data not yet provisioned.,,,,,draft
Financial Aid,Avg Student Loan Debt at Graduation Trend,Mean cumulative federal loan borrowing at graduation by cohort.,KPI,Strategic,Yes,Lagging,PowerFAIDS,snap_aid_term,Annual,"Financial Aid Director, CFO",Yes,NO CONFIDENT MATCH — snap_aid_term has per-term loan disbursement totals by aid type but no cumulative-to-graduation loan balance per cohort; graduation-level debt aggregation requires a cohort join not available in this model.,,,,,draft
Financial Aid,Aid Budget Monitor,"Budget vs. actual by term, discount rate trend, NTR per student.",Dashboard,Financial,No,N/A,PowerFAIDS / Jenzabar:Workday:Banner,mart_aid_leveraging,Term,"Financial Aid Director, CFO",No,"COMPOSITE — draws inst_aid_offered, merit_aid_total, need_based_aid_total, aid_band_yield_rate from mart_aid_leveraging at (term_key, program_key) grain. Discount rate requires mart_enrollment_census_ntr (available). Unmet need stubs do not block core budget monitoring. Needs manual definition.",Unmet need metrics await PowerFAIDS; discount rate available from mart_enrollment_census_ntr.,,,,draft
Financial Aid,Compliance Status Board,"FAFSA completion, SAP flags, verification queue, R2T4 cases.",Dashboard,Compliance,No,N/A,PowerFAIDS,mart_aid_summary,Weekly,Financial Aid Director,Yes,"COMPOSITE — draws inst_aid_offered, merit_aid_total, need_based_aid_total, aid_band_yield_rate from mart_aid_leveraging at (term_key, program_key) grain. Discount rate requires mart_enrollment_census_ntr (available). Unmet need stubs do not block core budget monitoring. Needs manual definition.",Unmet need metrics await PowerFAIDS; discount rate available from mart_enrollment_census_ntr.,,,,draft
Financial Aid,Aid Leveraging Model,"Aid band vs. yield, award sensitivity, merit vs. need split.",Dashboard,Strategic,No,N/A,PowerFAIDS / Jenzabar:Workday:Banner,mart_aid_leveraging,Term,"VP Enrollment, CFO",No,"COMPOSITE — aid band vs. yield, merit vs. need split from mart_aid_leveraging. Aid bands: band_zero ($0), band_1_5k ($1–$5k), band_5_10k ($5,001–$10k), band_10_15k ($10,001–$15k), band_15_20k ($15,001–$20k), band_20k_plus ($20,001+). Needs manual definition.",Unmet need metrics await PowerFAIDS deposit.,,,,draft
Financial Aid,Student Debt Load Report,"Avg loan by program, unmet need, borrower cohort CDR.",Dashboard,Compliance,No,N/A,PowerFAIDS,mart_aid_summary,Annual,"Financial Aid Director, President",Yes,"COMPOSITE — aid band vs. yield, merit vs. need split from mart_aid_leveraging. Aid bands: band_zero ($0), band_1_5k ($1–$5k), band_5_10k ($5,001–$10k), band_10_15k ($10,001–$15k), band_15_20k ($15,001–$20k), band_20k_plus ($20,001+). Needs manual definition.",Unmet need metrics await PowerFAIDS deposit.,,,,draft
Financial Aid,Discount Rate & NTR Trend,Dual-axis: discount rate (line) and NTR per student (bar) over 7+ terms.,Dashboard,Financial,Yes,Lagging,PowerFAIDS / Jenzabar:Workday:Banner,snap_aid_term,Annual,"CFO, President, Board",No,NOT YET COMPUTABLE — discount_rate is null stub in snap_aid_term; NTR not populated.,,,,,draft
Financial Aid,Student Debt Load Trends,Avg loan debt at graduation by cohort entry year with CDR projection.,Dashboard,Compliance,Yes,Lagging,PowerFAIDS / NSC,snap_aid_term,Annual,"Financial Aid Director, President",Yes,NO CONFIDENT MATCH — snap_aid_term has per-term loan disbursement and unmet need averages but no cumulative loan debt at graduation by cohort entry year; cohort-level debt aggregation requires cross-joining to snap_cohort_milestone which is not pre-computed.,,,,,draft
Enrollment Management,Headcount vs. Budget Target,Total enrolled headcount vs. institutional budget plan.,KPI,Financial,No,N/A,Jenzabar:Workday:Banner,mart_enrollment_census,Term (census),"CFO, President, Board",No,"headcount = count of distinct student_id values per (program, student_type, load_status, term) group. Budget target not in mart — headcount vs. goal comparison requires external budget input. Column: headcount.",Budget target not in mart; CE enrollments appear as load_status='unknown'.,,,,draft
Enrollment Management,FTE Enrollment,Full-time equivalent enrollment (IPEDS definition).,KPI,Compliance,No,N/A,Jenzabar:Workday:Banner,mart_enrollment_census,Term (census),"CFO, Provost, President",No,"fte = sum of (CASE WHEN academic_level='GRAD' THEN registered_hours / 9.0 ELSE registered_hours / 15.0 END) per (program, student_type, load_status, term) group per IPEDS formula. Column: fte.",CE enrollments (load_status='unknown') use the undergraduate divisor 15 in the FTE calculation.,,,,draft
Enrollment Management,New vs. Continuing Mix,% of total enrollment that is new vs. continuing.,KPI,Strategic,No,N/A,Jenzabar:Workday:Banner,mart_enrollment_census,Term,"VP Enrollment, CFO",No,headcount grouped by student_type per term; student_type derived from class_level_code (FR → new_freshman; registration_status_code='TR' → transfer; SO/JR/SR → continuing; GRAD level → graduate). Percentage at BI layer: student_type headcount / sum(headcount) per term.,student_type derivation includes TODO comment: 'confirm JCX registration_status_code values with RDT'; students with unmatched class_level_code default to 'continuing'.,,,,draft
Enrollment Management,Enrollment by Program/School,"Headcount and FTE by college, department, and level.",KPI,Operational,No,N/A,Jenzabar:Workday:Banner,mart_enrollment_census,Term,"Deans, VP Enrollment",No,"headcount and fte aggregated by (program_key, program_name, academic_level, term). School/college rollup requires BI-layer grouping on program hierarchy; school_college is not exposed in mart_enrollment_census.",,,,,draft
Enrollment Management,Full-Time vs. Part-Time Split,Shift toward part-time enrollment has significant FTE and revenue implications.,KPI,Strategic,No,N/A,Jenzabar:Workday:Banner,mart_enrollment_census,Term,"CFO, VP Enrollment",No,"headcount grouped by load_status (full_time, part_time, unknown) per term; load_status derived from fact_student_term.load_status_derived. Percentage at BI layer.",Students unmatched to fact_student_term appear as load_status='unknown'; CE enrollments also appear as 'unknown'.,,,,draft
Enrollment Management,First-Year Retention Rate,% of first-year students returning for year 2. Benchmark: 70–85% at small privates.,KPI,Strategic,No,N/A,Jenzabar:Workday:Banner,mart_retention_cohort_summary,Annual,"VP Enrollment, Provost, President",No,"yr1_retention_rate from mart_retention_cohort_summary. Column: yr1_retention_rate (pct_still_enrolled at years_since_entry=1). Grain: one row per (institution_id, entry_cohort_year, program_key, cohort_type).",NSC not integrated; transfer-outs counted as stopped out.,,,,draft
Enrollment Management,Year-over-Year Retention Rate,"Persistence from each year to the next (2nd→3rd, 3rd→4th).",KPI,Strategic,No,N/A,Jenzabar:Workday:Banner,mart_retention_cohort_summary,Annual,"VP Enrollment, Provost",No,yr1_retention_rate from mart_retention_cohort_summary trended across entry cohort years. Query across multiple entry_acad_year_int values to show year-over-year comparison.,NSC not integrated; transfer-outs counted as stopped out.,,,,draft
Enrollment Management,Stop-Out / Dropout Rate,% leaving per term differentiated by voluntary leave vs. academic dismissal.,KPI,Strategic,No,N/A,Jenzabar:Workday:Banner,mart_retention_cohort_summary,Term,"VP Enrollment, Provost",Yes,"yr1_stop_out_rate, yr4_stop_out_rate, yr6_stop_out_rate from mart_retention_cohort_summary. Columns: yr1_stop_out_rate (pct_stopped_out at years_since_entry=1), yr4_stop_out_rate, yr6_stop_out_rate. Stopped-out students include transfer-outs until NSC integration.",NSC not integrated; transferred_out is null stub — transfer-outs counted with stop-outs.,,,,draft
Enrollment Management,At-Risk Student Count,"Students flagged by early alert criteria (GPA, attendance, financial holds).",KPI,Operational,No,N/A,Jenzabar:Workday:Banner,mart_student_at_risk,Weekly,"Advisors, VP Enrollment",Yes,"Count of students with is_at_risk=true from mart_student_at_risk. Columns: is_at_risk, risk_tier (high/medium/none), risk_factor_count. Composite risk based on 4 dimensions: GPA (on_track_gpa_flag=false), SAP (is_sap_compliant=false), holds (has_registration_hold=true), financial clearing (financially_cleared=false). FERPA HIGH: student_key exposed at row level — restrict to Advisor/Registrar roles only.",FERPA HIGH: student_key and student_id exposed at row level. KKM sign-off required before client-facing deployment.,,,,draft
Enrollment Management,Re-Enrollment Rate (Continuing),% of currently enrolled students who register for the next term before term end.,KPI,Operational,No,N/A,Jenzabar:Workday:Banner,snap_retention_term,Weekly (during reg),"VP Enrollment, Registrar",No,"Count of students with is_at_risk=true from mart_student_at_risk. Columns: is_at_risk, risk_tier (high/medium/none), risk_factor_count. Composite risk based on 4 dimensions: GPA (on_track_gpa_flag=false), SAP (is_sap_compliant=false), holds (has_registration_hold=true), financial clearing (financially_cleared=false). FERPA HIGH: student_key exposed at row level — restrict to Advisor/Registrar roles only.",FERPA HIGH: student_key and student_id exposed at row level. KKM sign-off required before client-facing deployment.,,,,draft
Enrollment Management,Projected vs. Actual NTR,Net tuition revenue forecast accuracy by term.,KPI,Financial,No,N/A,PowerFAIDS / Jenzabar:Workday:Banner,mart_enrollment_census_ntr,Term,"CFO, VP Enrollment",No,Actual NTR from mart_enrollment_census_ntr.net_tuition_revenue per term. Projected/forecast target not in mart; comparison requires external budget source. Column: net_tuition_revenue (gross_tuition_billed - total_aid_disbursed).,Forecast/predicted NTR not in mart; requires external budget data source for vs-goal comparison.,,,,draft
Enrollment Management,Revenue per Enrolled Student,Total tuition + fees revenue per headcount.,KPI,Financial,No,N/A,Jenzabar:Workday:Banner,mart_enrollment_census_ntr,Term,CFO,No,ntr_per_student from mart_enrollment_census_ntr. Column: ntr_per_student = net_tuition_revenue / enrolled_headcount per term. Same as row 60.,DEMEAU synthetic data has zero billing values; production data will populate correctly.,,,,draft
Enrollment Management,Enrollment Forecast Accuracy,Predicted vs. actual headcount at term census date.,KPI,Financial,No,N/A,Jenzabar:Workday:Banner,mart_ipeds_peer_comparison,Term,"CFO, VP Enrollment",No,"Side-by-side enrollment and graduation rate benchmarks from mart_ipeds_peer_comparison. Columns: headcount_total, cnt_urm_proxy, headcount_men, headcount_women (enrollment); yr4_grad_rate, yr6_grad_rate (completion) per institution × survey_year × lstudy_code. School-scoped via var('school_code'). Sources from stg_ipeds__fall_enrollment and stg_ipeds__graduation_rates.",Peer group defined via dim_institution.is_merrimack_peer or is_anselm_peer flags; school-scoped at runtime.,,,,draft
Enrollment Management,IPEDS Peer Comparison,"Enrollment, graduation rate, and aid metrics vs. institutional peer set.",KPI,Compliance,No,N/A,IPEDS,mart_ipeds_peer_comparison,Annual,"President, CFO, Provost",No,"Side-by-side enrollment and graduation rate benchmarks from mart_ipeds_peer_comparison. Columns: headcount_total, cnt_urm_proxy, headcount_men, headcount_women (enrollment); yr4_grad_rate, yr6_grad_rate (completion) per institution × survey_year × lstudy_code. School-scoped via var('school_code'). Sources from stg_ipeds__fall_enrollment and stg_ipeds__graduation_rates.",Peer group defined via dim_institution.is_merrimack_peer or is_anselm_peer flags; school-scoped at runtime.,,,,draft
Enrollment Management,Common Data Set Metrics,CDS Section B/C/H data used in US News and other rankings.,KPI,Strategic,No,N/A,Jenzabar:Workday:Banner / PowerFAIDS,mart_ipeds_reporting,Annual,"President, VP Enrollment",No,NOT YET COMPUTABLE — mart_ipeds_reporting returns zero rows (stub); CDS metrics require IPEDS benchmark feeds and NSC data not yet provisioned.,,,,,draft
Enrollment Management,Total Headcount Trend (10-Year),Fall census headcount per year over a full decade.,KPI,Strategic,Yes,Lagging,Jenzabar:Workday:Banner,snap_enrollment_term,Annual,"President, Board, CFO",No,"Time-series view of headcount — count of enrollment records (count(*)) per (program, student_type, load_status) per term from snap_enrollment_term queried across annual fall terms over 10 years.","headcount in snap_enrollment_term uses count(*) (row count from fact_enrollment), not count(distinct student_id); duplicate enrollment records for the same student-term would inflate counts.",,,,draft
Enrollment Management,FTE Trend,FTE per term alongside headcount to reveal part-time drift.,KPI,Strategic,Yes,Lagging,Jenzabar:Workday:Banner,snap_enrollment_term,Annual,"CFO, President",No,NOT YET COMPUTABLE — fte is a null stub (null::numeric) in snap_enrollment_term; FTE computation requires fact_student_term load_status integration not yet joined in this model.,,,,,draft
Enrollment Management,New vs. Continuing Mix Trend,% split of new vs. continuing students per term over time.,KPI,Strategic,Yes,Lagging,Jenzabar:Workday:Banner,snap_enrollment_term,Annual,VP Enrollment,No,Time-series view of New vs. Continuing Mix — headcount grouped by student_type from snap_enrollment_term across multiple terms.,"In snap_enrollment_term, student_type = raw enrollment_status from fact_enrollment (JCX registration status code such as R, A, L); may not map to 'new_freshman'/'transfer'/'continuing' categories without further canonicalization.",,,,draft
Enrollment Management,Enrollment by Program Trend,5-year headcount trend by school/college and degree level.,KPI,Strategic,Yes,Lagging,Jenzabar:Workday:Banner,snap_enrollment_term,Annual,"Deans, VP Enrollment, Provost",No,Time-series view of Enrollment by Program — headcount by program_code and degree_level per term from snap_enrollment_term.,school_college is a null stub in snap_enrollment_term; program-to-college mapping is not available in this model.,,,,draft
Enrollment Management,First-Year Retention Rate Trend (10-Year),Most commonly scrutinized retention metric by accreditors and rankings.,KPI,Strategic,Yes,Lagging,Jenzabar:Workday:Banner,snap_cohort_milestone,Annual,"President, Board, Provost",No,Time-series view of First-Year Retention Rate — pct_still_enrolled (still_enrolled / original_cohort_size) at years_since_entry=1 (is_yr1_retention_milestone=true) per entry_term and cohort_type from snap_cohort_milestone across 10+ entry cohort years. Column: pct_still_enrolled.,"NSC not integrated; transferred_out is a null stub — students who transferred out are counted with stop-outs in pct_stopped_out, which can inflate apparent retention loss vs. IPEDS convention.",,,,draft
Enrollment Management,Cohort Survival Curves,% of each entering cohort still enrolled at each term milestone.,KPI,Strategic,Yes,Lagging,Jenzabar:Workday:Banner,snap_cohort_milestone,Annual,"VP Enrollment, Provost",No,"pct_still_enrolled = still_enrolled / original_cohort_size per (entry_term, measurement_term, program, cohort_type) for each years_since_entry from 1 to 8. Column: pct_still_enrolled.",transferred_out is null stub — transfer-outs counted as stopped out. NSC not integrated.,,,,draft
Enrollment Management,4-Year and 6-Year Graduation Rate Trend,IPEDS-defined graduation rates by cohort entry year.,KPI,Compliance,Yes,Lagging,Jenzabar:Workday:Banner / NSC,snap_cohort_milestone,Annual,"President, Provost, Board",No,pct_graduated = graduated_to_date / original_cohort_size at is_4yr_graduation_milestone=true (years_since_entry=4) and is_6yr_graduation_milestone=true (years_since_entry=6) per entry cohort. Column: pct_graduated.,graduated_to_date uses dim_student.is_graduated (in-institution only); will undercount graduates who transferred out and completed elsewhere. NSC not integrated — nsc_verified is false stub.,,,,draft
Enrollment Management,Stop-Out Rate Trend by Demographic,"Annual stop-out rate segmented by first-gen, Pell, URM, and program.",KPI,Strategic,Yes,Lagging,Jenzabar:Workday:Banner,snap_cohort_milestone,Annual,"VP Enrollment, Provost",Yes,"pct_stopped_out = stopped_out_to_date / original_cohort_size per cohort and years_since_entry; first_gen_stopped_out and urm_stopped_out are raw counts of stopped-out first-gen and URM students per cohort at each milestone. Columns: pct_stopped_out, first_gen_stopped_out, urm_stopped_out.","Demographic stop-out columns require KKM sign-off before client delivery (FERPA per SQL comment); NSC not integrated — transferred_out null, so stop-out count includes transfers.",,,,draft
Enrollment Management,Re-Enrollment Rate Trend (Term-to-Term),"% of continuing students who register for the next term, tracked per term.",KPI,Operational,Yes,Leading,Jenzabar:Workday:Banner,snap_retention_term,Term,"VP Enrollment, Registrar",No,"Time-series view of Re-Enrollment Rate — re_enrollment_rate per (from_term, to_term, program, student_type) from snap_retention_term across multiple terms.",Same enrollment_status filter redundancy as base metric (row 96) — new/transfer exclusion may not function as intended.,,,,draft
Enrollment Management,Enrollment Census Dashboard,"Census headcount, FTE, vs. budget, vs. prior year.",Dashboard,Financial,No,N/A,Jenzabar:Workday:Banner,mart_enrollment_census,Term (census),"CFO, VP Enrollment, President",No,"COMPOSITE — draws headcount, fte (null stub), student_type, load_status, credits_per_fte, withdraw_rate from mart_enrollment_census at (program, student_type, load_status, term) grain. Needs manual definition.","fte and revenue columns (gross_tuition_billed, net_tuition_revenue, discount_rate, ntr_per_student) are null stubs in mart_enrollment_census.",,,,draft
Enrollment Management,Retention Early Warning,"At-risk flags, advising caseload, term-to-term persistence.",Dashboard,Operational,No,N/A,Jenzabar:Workday:Banner,mart_student_at_risk,Weekly,"Advisors, VP Enrollment",Yes,"COMPOSITE — draws is_at_risk, risk_tier, risk_factor_count, on_track_gpa_flag, is_sap_compliant, has_registration_hold, financially_cleared from mart_student_at_risk at student row grain. Grain: one row per currently enrolled student per program. FERPA HIGH: student-level data. Needs manual definition.",FERPA HIGH: student_key exposed. KKM sign-off required before client-facing deployment.,,,,draft
Enrollment Management,Executive Enrollment Summary,"Headcount trend, NTR forecast, retention rate, graduation rate.",Dashboard,Strategic,No,N/A,Jenzabar:Workday:Banner / PowerFAIDS,mart_executive_summary,Term,"President, CFO, Board",No,"COMPOSITE — draws is_at_risk, risk_tier, risk_factor_count, on_track_gpa_flag, is_sap_compliant, has_registration_hold, financially_cleared from mart_student_at_risk at student row grain. Grain: one row per currently enrolled student per program. FERPA HIGH: student-level data. Needs manual definition.",FERPA HIGH: student_key exposed. KKM sign-off required before client-facing deployment.,,,,draft
Enrollment Management,Enrollment Cohort Analysis,"Cohort survival curves, 4yr/6yr completion, stop-out triggers.",Dashboard,Strategic,No,N/A,Jenzabar:Workday:Banner,mart_retention_cohort_summary,Annual,"VP Enrollment, Provost",No,"COMPOSITE — draws yr1_retention_rate, yr4_grad_rate, yr6_grad_rate, cohort_size, yr1_stop_out_rate, first_gen_stop_out_rate, urm_stop_out_rate from mart_retention_cohort_summary at (institution_id, entry_cohort_year, program_key, cohort_type) grain. Needs manual definition.",NSC not integrated; demographic stop-out columns require KKM sign-off before client delivery (FERPA).,,,,draft
Enrollment Management,IPEDS Reporting Prep,"Fall enrollment snapshot, 12-month headcount, completions data.",Dashboard,Compliance,No,N/A,Jenzabar:Workday:Banner,mart_ipeds_fall_enrollment,Annual,"Registrar, VP Enrollment",No,"Fall enrollment snapshot from mart_ipeds_fall_enrollment. Grain: one row per institution per survey_year. Columns: headcount by level (UG/Grad), race/ethnicity composition, gender breakdown. Degree-seeking tracked as total UG headcount until further refinement.",Degree-seeking stub: tracked as total UG headcount until further schema refinement.,,,,draft
Enrollment Management,10-Year Enrollment Trend,Headcount and FTE over a full decade with peer benchmark overlay.,Dashboard,Strategic,Yes,Lagging,Jenzabar:Workday:Banner,snap_enrollment_term,Annual,"President, Board, CFO",No,"Fall enrollment snapshot from mart_ipeds_fall_enrollment. Grain: one row per institution per survey_year. Columns: headcount by level (UG/Grad), race/ethnicity composition, gender breakdown. Degree-seeking tracked as total UG headcount until further refinement.",Degree-seeking stub: tracked as total UG headcount until further schema refinement.,,,,draft
Enrollment Management,Cohort Survival & Graduation,Multi-cohort retention curves with forward projection of grad rates.,Dashboard,Strategic,Yes,Lagging,Jenzabar:Workday:Banner,snap_cohort_milestone,Annual,"VP Enrollment, Provost, President",No,"COMPOSITE — draws pct_still_enrolled, pct_graduated, pct_stopped_out, original_cohort_size, graduated_to_date, avg_cum_gpa from snap_cohort_milestone across years_since_entry 1–8 per entry cohort and program. Needs manual definition.",NSC not integrated; transfer-outs counted as stop-outs.,,,,draft
Enrollment Management,Term-to-Term Re-Enrollment Tracker,Real-time view of continuing students registered for next term vs. prior year pace.,Dashboard,Operational,Yes,Leading,Jenzabar:Workday:Banner,snap_retention_term,Weekly (during reg),"VP Enrollment, Registrar",No,"COMPOSITE — draws re_enrollment_rate, eligible_continuing, registered_next_term, prior_yr_re_enroll_rate, rate_delta_yoy, re_enrollment_status_band from snap_retention_term. Needs manual definition.",re_enrollment_status_band thresholds hardcoded in SQL: >=0.85 = healthy; >=0.75 = watch; <0.75 = at_risk.,,,,draft
Cross-Domain,Admission Profile → Retention Correlation,Whether changes in admitted class academic profile predict year-1 retention rates 1–2 cohorts later.,KPI,Strategic,Yes,Leading,Slate / Jenzabar:Workday:Banner,snap_cohort_milestone,Annual,"VP Enrollment, Provost",No,"NO CONFIDENT MATCH — snap_cohort_milestone has cohort retention milestones (pct_still_enrolled at years_since_entry=1) but not admissions academic profile inputs (avg_hs_gpa, test scores) needed for the correlation; cross-domain join between mart_admissions_class_profile and snap_cohort_milestone not pre-computed.",,,,,draft
Cross-Domain,Aid Award → Yield & Retention Link,Does increasing institutional aid in a specific band improve yield and 1-year retention?,KPI,Strategic,Yes,Lagging,PowerFAIDS / Jenzabar:Workday:Banner,snap_cohort_milestone,Annual,"VP Enrollment, CFO, Financial Aid Director",No,NO CONFIDENT MATCH — cross-domain correlation between aid band (from snap_aid_term) and yield/retention (from snap_cohort_milestone and mart_admissions_funnel) not pre-computed in any single mart.,,,,,draft
Cross-Domain,Unmet Need → Stop-Out Lag Analysis,Correlates year-1 unmet need with year-2 stop-out rate by cohort.,KPI,Strategic,Yes,Leading,PowerFAIDS / Jenzabar:Workday:Banner,snap_cohort_milestone,Annual,"Financial Aid Director, VP Enrollment",Yes,NO CONFIDENT MATCH — unmet need per student is in snap_aid_term and mart_aid_summary; stop-out rates are in snap_cohort_milestone; cross-domain join linking year-1 unmet need to year-2 stop-out rate by cohort not pre-computed.,,,,,draft
Cross-Domain,Enrollment Health Score (Composite),"Weighted composite of headcount trend, NTR, retention, discount rate, and graduation rate.",KPI,Strategic,Yes,Lagging,Multiple,mart_executive_summary,Annual,"President, Board",No,"COMPOSITE — derived from multiple underlying metrics: headcount trend, NTR, retention rate, discount rate, and graduation rate; weighting formula not defined in any built model. mart_executive_summary unbuilt as of 2026-06-30. Needs manual definition.",,,,,draft
Cross-Domain,Revenue per Completed Student,Total NTR from a cohort divided by the number who graduated.,KPI,Financial,Yes,Lagging,PowerFAIDS / Jenzabar:Workday:Banner,snap_cohort_milestone,Annual,"CFO, President",No,NO CONFIDENT MATCH — snap_cohort_milestone has graduated_to_date (completers) but no NTR or revenue data; NTR per cohort requires mart_enrollment_census_ntr (unbuilt); cross-domain cohort-revenue computation not available.,,,,,draft
Cross-Domain,Enrollment Health Scorecard,Single-page board summary: 6–8 headline trend lines with sparklines and peer benchmark.,Dashboard,Strategic,Yes,Lagging,Multiple,mart_executive_summary,Annual,"President, Board",No,"COMPOSITE — derived from multiple underlying metrics (headcount trend, NTR, retention, discount rate, graduation rate); mart_executive_summary unbuilt as of 2026-06-30. Needs manual definition.",,,,,draft
Cross-Domain,Cohort Lifecycle Dashboard,Follows one cohort from inquiry through graduation connecting all four domains.,Dashboard,Strategic,Yes,Lagging,Slate / PowerFAIDS / Jenzabar:Workday:Banner,snap_cohort_milestone,Annual,"VP Enrollment, Provost",No,COMPOSITE — draws from snap_cohort_milestone (retention/graduation milestones) but also requires Slate admissions data and PowerFAIDS aid data linked at cohort level; cross-domain join spanning all four domains not pre-computed in any single mart. Needs manual definition.,,,,,draft
Cross-Domain,Aid-to-Outcome Analysis,Aid band vs. 1-year retention and 4-year grad rate. Core of leveraging optimization.,Dashboard,Strategic,Yes,Lagging,PowerFAIDS / Jenzabar:Workday:Banner,snap_cohort_milestone,Annual,"VP Enrollment, CFO, Financial Aid Director",No,NO CONFIDENT MATCH — cross-domain join of aid band data (from snap_aid_term or mart_aid_leveraging stub) to 1-year retention and 4-year graduation rate (from snap_cohort_milestone) not pre-computed.,,,,,draft
Cross-Domain,Predictive Enrollment Forecast,Current pipeline + historical yield + retention rates → projected headcount and NTR.,Dashboard,Financial,Yes,Leading,Slate / Jenzabar:Workday:Banner / PowerFAIDS,snap_admissions_weekly,Term,"CFO, VP Enrollment, President",No,"NO CONFIDENT MATCH — snap_admissions_weekly provides current cycle funnel counts and rates; a predictive model combining current pipeline, historical yield rates, and retention rates into a projected headcount/NTR is not pre-computed in any single mart.",,,,,draft
Cross-Domain,URM Equity & Retention Gap Analysis,Dashboard comparing retention outcomes for URM vs. non-URM students across entry cohorts to surface persistent equity gaps.,Dashboard,Compliance,Yes,Lagging,Jenzabar:Workday:Banner,snap_cohort_milestone,Annual,"VP Enrollment, Provost",Yes,PROPOSED — snap_cohort_milestone exposes pct_stopped_out at the whole-cohort level plus raw urm_stopped_out and first_gen_stopped_out counts (not rates) per cohort and years_since_entry milestone (see the existing Stop-Out Rate Trend by Demographic definition). A true urm_retention_gap = non_urm_retention_rate − urm_retention_rate requires a URM-specific cohort-size denominator that is not currently exposed in this model.,Computing a rate (not just a raw stopped-out count) for the URM subgroup requires adding a URM-segmented original_cohort_size to snap_cohort_milestone — confirm with data engineering before this ships as a live gap metric rather than a raw count.,,,,draft
Cross-Domain,Program-Level Retention Performance,Dashboard ranking academic programs by first-year retention and six-year graduation rate to flag programs needing intervention.,Dashboard,Strategic,No,N/A,Jenzabar:Workday:Banner,mart_retention_cohort_summary,Annual,"Provost, Deans",No,"AVG(yr1_retention_rate) and AVG(yr6_grad_rate) per program_name from mart_retention_cohort_summary, filtered to has_yr1_data=true, ranked descending (top 10 shown). Dashboard query: SELECT program_name, AVG(yr1_retention_rate) AS yr1_rate, AVG(yr6_grad_rate) AS yr6_rate, AVG(cohort_size) AS avg_cohort_size FROM mart_retention_cohort_summary WHERE has_yr1_data = TRUE GROUP BY program_name ORDER BY yr1_rate DESC LIMIT 10.",has_yr1_data filter excludes incomplete cohorts; NSC not integrated.,,,,draft
Cross-Domain,Age Demographics × Enrollment Intensity,Dashboard cross-tabulating student demographic composition against full-time/part-time enrollment intensity by academic year.,Dashboard,Strategic,Yes,Lagging,Jenzabar:Workday:Banner,mart_enrollment_demographics,Annual,"VP Enrollment, CFO",Yes,"fulltime_rate = fulltime_count / total_headcount by academic_year from mart_enrollment_demographics covers 'enrollment intensity.' Columns: total_headcount, urm_count, first_gen_count, fulltime_count by academic_year. Age demographics NOT YET COMPUTABLE until age_band dimension added. Suggest retitle to 'Demographic Enrollment Intensity' (URM/first-gen/full-time rates by year) OR add age_band to mart.",Title implies age breakdown; no age_band column exists in mart. Enrollment intensity (full-time rate) IS available; age demographics are not.,,,,draft
Cross-Domain,Retention Risk Early Warning Indicators,Dashboard surfacing composite early-warning indicators intended to flag students at elevated stop-out risk before it happens.,Dashboard,Operational,No,N/A,Jenzabar:Workday:Banner,mart_retention_cohort_summary,Annual,"Advisors, VP Enrollment",Yes,"COMPOSITE dashboard: earn_median_4yr / debt_at_completion by program and credential level from mart_scorecard_program_outcomes. Columns: earn_median_4yr (median earnings 4 years post-completion), debt_at_completion (median debt at graduation), earn_vs_national_pct (earnings vs. national median). Grain: one row per institution × cip_code × credential_level_code × data_year. Sources from stg_scorecard__field_of_study. Needs manual definition.",is_suppressed = true when ED withheld values; ROI calculation skips suppressed rows.,,,,draft
Benchmarking,Program Earnings vs. Debt ROI,"Dashboard comparing typical post-graduation earnings to average student debt by program, an ROI view used in program-viability reviews.",Dashboard,Financial,No,N/A,College Scorecard / NSLDS,mart_scorecard_program_outcomes,Annual,"Provost, CFO",No,"COMPOSITE dashboard: earn_median_4yr vs. earn_median_4yr_national, earn_p25_4yr_national, earn_p75_4yr_national from mart_scorecard_program_outcomes. Benchmarks own-institution program earnings against College Scorecard national medians by CIP code and credential level. Needs manual definition.","Peer ranks are NULL when <3 non-suppressed peers exist — avoids misleading ""rank 1 of 1.""",,,,draft
Benchmarking,Post-Graduation Earnings Benchmarking,Dashboard benchmarking alumni earnings by program against peer-institution and national College Scorecard medians.,Dashboard,Strategic,No,N/A,College Scorecard / NSLDS,mart_scorecard_program_outcomes,Annual,"President, Provost, VP Enrollment",No,earn_median_pell_4yr vs. earn_median_nopell_4yr from mart_scorecard_program_outcomes by program. Earnings equity measure: gap = earn_median_nopell_4yr - earn_median_pell_4yr. No join to mart_aid_summary needed; Pell/non-Pell earnings already segmented in this mart. Column: earn_pell_vs_nopell_ratio (earn_median_pell_4yr / earn_median_nopell_4yr).,is_suppressed flag applies; equity gap calculation skips suppressed program rows.,,,,draft
Benchmarking,Pell vs. Non-Pell Earnings Gap,"KPI tracking the gap in post-graduation earnings between Pell recipients and non-Pell recipients by program, an equity-in-outcomes measure.",KPI,Compliance,Yes,Lagging,College Scorecard / NSLDS,mart_scorecard_program_outcomes,Annual,"Financial Aid Director, Provost",Yes,"COMPOSITE dashboard: debt_at_completion by program from mart_scorecard_program_outcomes, benchmarked against College Scorecard national and peer-group medians for matching CIP code and credential level. Columns: debt_at_completion, debt_vs_national_pct. Needs manual definition.",Peer ranks NULL when <3 non-suppressed peers; is_suppressed flag applies.,,,,draft
Benchmarking,Student Debt Burden vs. Peers,Dashboard comparing average student debt at completion to peer-institution and national benchmarks by program.,Dashboard,Strategic,No,N/A,College Scorecard / NSLDS,mart_scorecard_program_outcomes,Annual,"CFO, Financial Aid Director",No,"cdr_3yr from mart_scorecard_program_outcomes. Published 3-year cohort default rate from U.S. Dept. of Education via College Scorecard, ingested as-is (not computed). Column: cdr_3yr (borrowers who defaulted within 3 years / all borrowers who entered repayment). This is program-level CDR from Scorecard; row 67 CDR is institution-level from NSC (stub). Both are valid but serve different purposes.","Program-level CDR from Scorecard; differs from institution-level CDR in row 67 (NSC-based, currently stub).",,,,draft
Benchmarking,Loan Default Rate (College Scorecard),KPI on the federal three-year cohort default rate on student loans as published via College Scorecard; sustained rates above roughly 30% trigger federal sanctions.,KPI,Compliance,No,N/A,College Scorecard / NSLDS,mart_scorecard_program_outcomes,Annual,"Financial Aid Director, President",No,"repayment_rate_3yr from mart_scorecard_program_outcomes. Share of a program's borrower cohort with declining or current loan balance within the federal measurement window, per Financial Value Transparency / Gainful Employment rules. Published via College Scorecard and ingested as-is. Column: repayment_rate_3yr.","Externally published federal figure, not Ditteau-computed.",,,,draft
Benchmarking,Borrower-Based Repayment Rate (BBRR),"KPI on the share of a program's borrower cohort making progress on loan repayment, part of the federal Financial Value Transparency and Gainful Employment framework.",KPI,Compliance,No,N/A,College Scorecard / NSLDS,mart_scorecard_program_outcomes,Annual,"Financial Aid Director, CFO",No,"earn_median_4yr / debt_at_completion from mart_scorecard_program_outcomes by program (inverse framing of federal debt-to-earnings ratio used in gainful employment determinations). Higher ratio = stronger program ROI. Column: earn_to_debt_ratio (computed as earn_median_4yr / NULLIF(debt_at_completion, 0)).",is_suppressed flag applies; ratio calculation skips zero or suppressed debt values.,,,,draft
Benchmarking,Earnings-to-Debt Ratio by Program,"KPI on the ratio of typical program earnings to median student debt, the inverse framing of the federal debt-to-earnings threshold used to assess program value under gainful employment rules.",KPI,Compliance,No,N/A,College Scorecard / NSLDS,mart_scorecard_program_outcomes,Annual,"CFO, Provost",No,"earn_median_4yr / debt_at_completion from mart_scorecard_program_outcomes by program (inverse framing of federal debt-to-earnings ratio used in gainful employment determinations). Higher ratio = stronger program ROI. Column: earn_to_debt_ratio (computed as earn_median_4yr / NULLIF(debt_at_completion, 0)).",is_suppressed flag applies; ratio calculation skips zero or suppressed debt values.,,,,draft
"Cross-Domain","Net Tuition Revenue per FTE by Program/Major","G/L tuition revenue net of institutional aid, divided by FTE, at program/major grain.","KPI","Financial","Yes","Lagging","Jenzabar:Workday:Banner (Finance) / Jenzabar:Workday:Banner","(proposed) mart_program_economics","Term","CFO, Provost, President","No","PROPOSED — no G/L source ingested. Numerator: G/L tuition and fee revenue net of institutional aid expense; denominator: FTE from mart_enrollment_census at program grain. Rates as decimals per platform convention.","Overlaps existing rows 'Net Tuition Revenue per Student' (Financial Aid) and 'Revenue per Enrolled Student' (Enrollment Management), both targeting the unbuilt mart_enrollment_census_ntr — dedupe decision needed before this row is published. Small program cells risk re-identification; suppression threshold not yet set.",,,draft
"Cross-Domain","Student Lifetime Value (LTV)","Total realized revenue per student across their full enrollment span, net of institutional aid.","KPI","Strategic","No","Lagging","Student Accounts (AR) / Jenzabar:Workday:Banner","(proposed) mart_student_value","Annual","CFO, VP Enrollment, President","Yes","PROPOSED — no Student Accounts source formally ingested. Sum of AR billed-and-collected charges per student across all enrolled terms, net of institutional aid, joined to persistence history from dim_student (SCD Type 2 — full history required, do not filter is_current).","Student-level financial history joined to enrollment record — FERPA gate, KKM sign-off required before any client-facing use. 'Realized' vs. 'projected' LTV is an unresolved definitional choice.",,,draft
"Cross-Domain","Customer Acquisition Cost vs. LTV (CAC:LTV)","Ratio of recruitment spend per enrolled student to that student's lifetime value.","KPI","Strategic","Yes","Lagging","Jenzabar:Workday:Banner (Finance) / Slate","(proposed) mart_student_value","Annual","CFO, VP Enrollment, President, Board","No","PROPOSED — CAC numerator = total recruitment spend (A/P + G/L) divided by enrolled_count; denominator = Student Lifetime Value. Expressed as a decimal ratio.","CAC component duplicates existing Admissions row 'Cost Per Enrolled Student' (Primary Source System 'Slate / GL'), which already asserts a GL source the platform does not ingest — reconcile the two rather than adding a parallel definition.",,,draft
"Cross-Domain","Cost to Educate per Student by Program","Fully-loaded instructional and support cost per FTE at program grain.","KPI","Financial","Yes","Lagging","Jenzabar:Workday:Banner (Finance) / Jenzabar:Workday:Banner","(proposed) mart_program_economics","Annual","CFO, Provost, Deans","No","PROPOSED — G/L expense by fund/object code allocated to program, divided by program FTE.","Blocked on a cost-allocation methodology decision (direct instructional cost vs. fully-loaded with overhead), which is an institutional policy question, not a data availability question. Method must be pinned per school or the KPI is not comparable across tenants.",,,draft
"Cross-Domain","Contribution Margin by Academic Program","Program revenue net of aid, less directly attributable instructional cost.","KPI","Financial","Yes","Lagging","Jenzabar:Workday:Banner (Finance) / PowerFAIDS / Jenzabar:Workday:Banner","(proposed) mart_program_economics","Annual","CFO, Provost, President, Board","No","PROPOSED — (program billed revenue - institutional aid) - program instructional cost from G/L. Depends on the same allocation methodology as 'Cost to Educate per Student by Program'.","Politically sensitive output — drives program discontinuation conversations. Recommend an explicit governance note in the KPI library on intended vs. non-intended use.",,,draft
"Cross-Domain","Aid Leveraging ROI (Extended)","Return on institutional aid measured against actual G/L revenue rather than modeled yield.","KPI","Financial","Yes","Lagging","PowerFAIDS / Jenzabar:Workday:Banner (Finance)","mart_aid_leveraging","Annual","Financial Aid Director, CFO, VP Enrollment","No","PROPOSED — extends existing aid leveraging logic by replacing modeled net revenue with realized G/L revenue per aid band. Aid offered x yield x realized revenue.","Targets an existing mart, but mart_aid_leveraging is a stub and its current contract carries no G/L revenue column — this is a mart scope expansion, not a new-mart request. Sequence behind the existing mart_aid_leveraging build.",,,draft
"Cross-Domain","Bad-Debt Risk Score with Academic Signals","Composite risk score combining AR aging with SAP status, registration holds, and at-risk flags.","KPI","Operational","No","Leading","Student Accounts (AR) / Jenzabar:Workday:Banner","(proposed) mart_ar_aging","Monthly","Bursar, CFO, Registrar","Yes","PROPOSED — composite of AR aging bucket, SAP status, registration hold count from mart_registration_holds, and is_at_risk / risk_tier from mart_student_at_risk (filter WHERE is_at_risk = TRUE; this mart has no is_current column).","Highest-sensitivity row in the Finance set: predictive scoring that joins financial delinquency to academic-risk signals at student grain. FERPA gate plus a use-limitation question (risk of adverse action against students) — recommend explicit KKM review before this leaves draft status.",,,draft
"Cross-Domain","Retention-Adjusted Revenue Forecast","Forward revenue projection weighted by observed cohort persistence rates.","KPI","Strategic","Yes","Leading","Jenzabar:Workday:Banner / Jenzabar:Workday:Banner (Finance)","(proposed) mart_student_value","Term","CFO, President, Board","No","PROPOSED — projected NTR per continuing student x cohort persistence probability from snap_cohort_milestone, summed across cohorts.","Stacks two unresolved dependencies: snap_cohort_milestone is unbuilt (critical path) and the NTR source mart is unresolved. Related existing row 'Revenue per Completed Student' is already flagged NO CONFIDENT MATCH for the same reason.",,,draft
"Cross-Domain","Auxiliary Revenue per Bed / Occupancy","Housing and auxiliary G/L revenue per available bed, with occupancy rate.","KPI","Financial","Yes","Lagging","Jenzabar:Workday:Banner (Finance) / Housing","(proposed) mart_auxiliary_revenue","Term","CFO, VP Student Affairs","No","PROPOSED — auxiliary G/L revenue by fund divided by available beds; occupancy = beds occupied / beds available, expressed as a decimal.","Requires a housing/residence-life source system, which is not in the platform's source inventory at all — this is a dependency outside the Finance domain and outside RDT's stated G/L / AR / A/P scope. Recommend deferring until a housing source is scoped.",,,draft
"Cross-Domain","Discount Rate by Student Segment","Institutional discount rate broken out by Pell status, first-generation status, and URM.","KPI","Financial","Yes","Lagging","PowerFAIDS / Jenzabar:Workday:Banner","mart_aid_summary","Term","CFO, VP Enrollment, Financial Aid Director","Yes","PROPOSED — institutional aid / gross tuition revenue, segmented by Pell recipient flag, first-gen flag, and URM grouping (Hispanic + Black + AIAN + NHPI + 2ormore). Decimal, not percentage.","Scope flag: this row needs no G/L data. Both inputs (PowerFAIDS aid, demographic flags) are already in the platform, so it is arguably a Financial Aid row rather than a Finance row and is the nearest-term deliverable in this set. Validates against V-05 Race & Ethnicity. FERPA gate — KKM sign-off required.",,,draft
"Finance","NACUBO Composite Financial Index (CFI), 5-Year Trend","NACUBO/KPMG composite of primary reserve, viability, return on net assets, and net operating revenues ratios.","KPI","Strategic","Yes","Lagging","Jenzabar:Workday:Banner (Finance)","(proposed) mart_finance_ratios","Annual","CFO, President, Board","No","PROPOSED — four NACUBO ratios weighted and scaled to the published CFI formula, trended over five fiscal years.","CFI inputs come from audited financial statements (net asset classes, change in net assets), not raw G/L transactions — the source is the annual audit, so an ingested G/L alone does not make this computable. Confirm the NACUBO formula version before publishing; weightings have been revised.",,,draft
"Finance","Peer Benchmarking of Financial Ratios","Institutional financial ratios compared against a selected peer set and national medians.","Dashboard","Strategic","Yes","Lagging","Jenzabar:Workday:Banner (Finance) / IPEDS","(proposed) mart_finance_ratios","Annual","CFO, President, Board","No","COMPOSITE, PROPOSED — blends internal ratio calculations with IPEDS Finance Survey peer data. Needs manual definition of the peer set per school.","IPEDS feeds are not yet provisioned (mart_ipeds_reporting and mart_ipeds_fall_enrollment are both pending), so the external half of this KPI is blocked independently of the G/L half. IPEDS Finance Survey data lags roughly two years.",,,draft
"Finance","Cash Flow Forecasting / Scenario Modeling","Projected cash position under user-adjustable enrollment and expense scenarios.","Dashboard","Strategic","Yes","Leading","Jenzabar:Workday:Banner (Finance)","(proposed) mart_finance_ratios","Monthly","CFO, Controller, Board","No","COMPOSITE, PROPOSED — rolling cash projection from G/L cash accounts, A/P commitments, and AR collection curves, with scenario levers on enrollment and expense growth. Needs manual definition.","Interactive what-if modeling has no precedent in the current dashboard set and no scenario-input persistence layer exists in Streamlit in Snowflake as currently deployed. Treat as a distinct delivery pattern, not another read-only mart tile.",,,draft
"Finance","Discount Rate Strategy Sensitivity Analysis","Modeled net revenue outcomes across alternative discount rate strategies.","Dashboard","Strategic","No","Leading","PowerFAIDS / Jenzabar:Workday:Banner (Finance)","(proposed) mart_program_economics","Annual","CFO, VP Enrollment, Financial Aid Director","No","COMPOSITE, PROPOSED — simulates yield and net revenue response to discount rate changes by segment. Needs manual definition of the elasticity assumptions.","Simulation, not a query — outputs depend on assumed price elasticity, which is an institutional assumption rather than data. Assumptions must be surfaced in the dashboard, not buried, or the output reads as a measurement when it is a model.",,,draft
"Finance","Multi-Year Budget Variance, Seasonality-Adjusted","Budget-to-actual variance normalized for seasonality and trended across five or more fiscal years.","KPI","Financial","Yes","Lagging","Jenzabar:Workday:Banner (Finance)","(proposed) mart_finance_budget_variance","Monthly","CFO, Controller, Deans","No","PROPOSED — (actual - budget) / budget by fund and department, normalized against the same fiscal period in prior years. Decimal, not percentage.","Requires a stable multi-year chart of accounts; account restructures between fiscal years break the trend and need a crosswalk that no source currently provides.",,,draft
"Finance","Days Cash on Hand, Enrollment-Adjusted","Days of operating expense covered by unrestricted cash, adjusted for enrollment-cycle timing.","KPI","Financial","Yes","Leading","Jenzabar:Workday:Banner (Finance) / Slate","(proposed) mart_finance_ratios","Monthly","CFO, President, Board","No","PROPOSED — unrestricted cash / (annual operating expense / 365), adjusted for deposit-season and aid-disbursement timing from the admissions funnel.","The enrollment adjustment is the differentiating element and the least defined; the unadjusted ratio is Category 3 in substance.",,,draft
"Finance","Budget vs. Actual by Fund/Department","Current fiscal year budget-to-actual comparison by fund and department.","KPI","Financial","No","N/A","Jenzabar:Workday:Banner (Finance)","(proposed) mart_finance_budget_variance","Monthly","CFO, Controller, Deans","No","PROPOSED — actual G/L amount vs. budget amount by fund_code and department, current fiscal year, with variance as a decimal.","ERP-native. Include only as a consistency/access convenience; do not position as differentiated capability. Feasibility is client-specific and depends on fund/object-code cleanliness in each ERP instance.",,,draft
"Finance","AR Aging (30/60/90/120+)","Student accounts receivable balances bucketed by days outstanding.","KPI","Financial","No","N/A","Student Accounts (AR)","(proposed) mart_ar_aging","Monthly","Bursar, CFO","Yes","PROPOSED — outstanding AR balance grouped into 30/60/90/120+ day buckets from transaction_date.","ERP-native at aggregate grain, but student-level drill-down makes balances an education record under FERPA — KKM gate applies to any drill-through, not to the aggregate tile. Partial reachability: sbcust_rec already feeds mart_enrollment_census_ntr (see governance flag).",,,draft
"Finance","A/P Aging","Accounts payable balances bucketed by days outstanding.","KPI","Financial","No","N/A","A/P","(proposed) mart_ap_performance","Monthly","Controller, CFO","No","PROPOSED — outstanding payables grouped into standard aging buckets from invoice date.","ERP-native. No student data involved — lowest governance burden in the Finance set.",,,draft
"Finance","Days Payable Outstanding (DPO)","Average days taken to pay vendor invoices, trended.","KPI","Financial","Yes","Lagging","A/P","(proposed) mart_ap_performance","Monthly","Controller, CFO","No","PROPOSED — (average accounts payable / cost of goods or operating expense) x days in period.","ERP-native as a point-in-time figure; the trend is the only warehouse-added value.",,,draft
"Finance","Days Sales Outstanding (DSO)","Average days to collect student account receivables, trended.","KPI","Financial","Yes","Lagging","Student Accounts (AR)","(proposed) mart_ar_aging","Monthly","Bursar, CFO","No","PROPOSED — (average AR / billed revenue) x days in period.","ERP-native as a point-in-time figure. Higher-ed AR is term-cyclical, so a rolling DSO is misleading without term anchoring — recommend reporting by term rather than by month.",,,draft
"Finance","% Invoices Paid On Time","Share of vendor invoices paid on or before terms.","KPI","Operational","Yes","Lagging","A/P","(proposed) mart_ap_performance","Monthly","Controller, A/P Manager","No","PROPOSED — invoices paid on or before due date / total invoices paid. Decimal, not percentage.","ERP-native. Value is distribution, not computation — the metric is typically trapped in A/P-only reporting.",,,draft
"Finance","3-Way Match / Invoice Exception Rate","Share of invoices failing PO, receipt, and invoice match, trended.","KPI","Operational","Yes","Lagging","A/P","(proposed) mart_ap_performance","Monthly","Controller","No","PROPOSED — exception count / total invoices processed. Decimal, not percentage.","ERP-native. Depends on the client actually operating a PO/receiving process; not applicable at institutions that pay on invoice alone.",,,draft
"Finance","Early Payment Discount Capture Rate","Share of available early-payment discounts actually captured.","KPI","Financial","Yes","Lagging","A/P","(proposed) mart_ap_performance","Monthly","Controller, CFO","No","PROPOSED — discounts captured / discounts available, by dollar value. Decimal, not percentage.","ERP-native. Requires vendor terms to be recorded structurally; free-text terms fields make the denominator unreliable.",,,draft
